Code,Libelle,Bloc_PnL,Type,blk_PNB_MEE,blk_OPEX,blk_PreTax,IND_France,lib_France,IND_Pays,lib_Pays,Commentaire
GR1000,Chiffre d'affaires,Produits,Compte fin,x,,x,IND_00_070001,Commissions de gestion,,,
GR1100,Autres produits + Autres coûts liés à l'activité,Produits,Compte fin,x,,x,IND_26_070011,Autre produit+Autres coûts,,,
GR1200,Rétrocessions,Produits,Compte fin,x,,x,IND_26_070007,Rétrocessions,,,
GR1300,Prestations déléguées,Produits,Compte fin,x,,x,IND_26_070013,Sous-traitance,,,
GS0900,Chiffre d'affaires net,Produits,Agrégat,,,,,,,,reconstitué nativement dans Tagetik
GR6000,Produits financiers,Produits,Compte fin,x,,x,IND_00_070008,Marge d'intérêts,,,
GR6100,Charges financières,Produits,Compte fin,x,,x,IND_00_070008,Marge d'intérêts,,,
GR6000,Produits financiers,Produits,Compte fin,,,,IND_00_070087,Produits d'intérêts,,,"Les deux indicateurs encadrés, correspondent à des off which dans SolaRE pour indiqué le détail de marge,c'est à mapper à la fois vers les indicateurs à gauche + 70008 (voir les deux lignes dessus)"
GR6100,Charges financières,Produits,Compte fin,,,,IND_26_060074,Charges d'intérêts,,,
GS0910,Résultat financier,Produits,Agrégat,,,,,,,,reconstitué nativement dans Tagetik
PNBSOC,Produit Net Bancaire Social,Produits,Agrégat,,,,,,,,reconstitué nativement dans Tagetik
GR2000,Salaires variables (incl. Charges sociales),Frais de personnel,Compte fin,,,,,,,,Détaillé en GR2001-GR2010 ==> à ne pas prendre
GR2001,Rém. variable liée au CA,Frais de personnel,Compte fin,,x,x,IND_26_060039,Rémunérations variables liées au Chiffre d'Affaires,,,nous avons le détail des charges sociales de la partie variable mais pas du fixe.. Split GR2000
GR2002,Rém. variable liée à la rentabilité,Frais de personnel,Compte fin,,x,x,IND_26_060038,Rémunérations variables liées à la Rentabilité,,,Split GR2000
GR200211,LTIP Chargée,Frais de personnel,Compte fin,,,,IND_26_060019,LTIS,,,"Off which du GR200211 mais déjà chargé, faut-il le prendre? Non"
GR2003,Bonus discrétionnaire,Frais de personnel,Compte fin,,x,x,IND_26_060006,Provision bonus n,,,Split GR2000
GR2004,Prime exceptionnelle,Frais de personnel,Compte fin,,x,x,IND_26_060015,Primes Exceptionnnelles,,,Split GR2000
GR2010,Part charges sociales sur variable,Frais de personnel,Compte fin,,x,x,IND_26_060010,Charges sur Salaire Variable,,,Split GR2000
GR2100,Salaires fixes (incl. charges soc.),Frais de personnel,Compte fin,,x,x,IND_26_060016,Rémunérations fixes,IND_26_060049,Rémunération fixe - pays,
GR2101,Indemnités de départ,Frais de personnel,Compte fin,,,,IND_00_060079,Indémnités de départ,IND_26_060048,Avantages sociaux et indemnités de retraite - pays,
GR2102,Engagements sociaux,Frais de personnel,Compte fin,,,,IND_26_060005,Indemnités de retraite,IND_26_060048,Avantages sociaux et indemnités de retraite - pays,
GR2200,Intéressement + participation,Frais de personnel,Compte fin,,x,x,IND_26_060031,Participation,IND_26_060050,Participations et Interessement incl. Charges - pays,
GR2300,Personnel extérieur,Frais de personnel,Compte fin,,x,x,IND_00_060080,Personnel intérim,,,
GR2400,Formation,Frais de personnel,Compte fin,,x,x,IND_00_060225,Formation,,,
GR2500,Véhicules,Frais de personnel,Compte fin,,x,x,IND_26_060040,Véhicules,,,différent
GR2600,Recrutement / Offres d'emploi,Frais de personnel,Compte fin,,x,x,IND_00_060279,Recrutement,,,
FDGEST1,Frais de Gestion - Frais de personnel,Frais de personnel,Agrégat,,,,,,,,Calculé
GR3000,Frais de locaux,Frais généraux,Compte fin,,x,x,IND_26_060033,Loyers,IND_26_060054,Autres loyers (hors IFRS16) - pays,
GR3100,Frais de réception,Frais généraux,Compte fin,,x,x,IND_26_060014,Réceptions,,,différent
GR3200,Frais de voyages et déplacement,Frais généraux,Compte fin,,x,x,IND_26_060037,Frais de déplacements,IND_26_060055,"Transport, voyages & divertissement - pays",
GR3300,Communication,Frais généraux,Compte fin,,x,x,IND_00_060092,Communication,,,
GR3400,Informatique,Frais généraux,Compte fin,,x,x,IND_26_060001,Amortissements informatiques - Logiciels internes,,,
GR3500,Juridique,Frais généraux,Compte fin,,x,x,IND_00_060086,Honoraires - légal,,,
GR3600,Comptabilité / Finance,Frais généraux,Compte fin,,x,x,IND_26_060044,Autres Honoraires - finance,,,
GR3700,Conseils / SLA (+/-),Frais généraux,Compte fin,,x,x,IND_26_060075,Autres Honoraires - conseil,,,
GR3800,"Matériel, fournitures bureau et autres achats",Frais généraux,Compte fin,,x,x,IND_26_060043,Fournitures de bureaux,,,
GR3900,Poste et Télécommunications,Frais généraux,Compte fin,,x,x,IND_00_060101,Coûts de télécommunications,,,
GR4000,Assurances,Frais généraux,Compte fin,,x,x,IND_00_060119,Assurance,,,
GR4100,Impôts et taxes (hors IS),Frais généraux,Compte fin,,x,x,IND_00_060116,Autres taxes IFRIC_Direct,,,
GR4200,Autres charges,Frais généraux,Compte fin,,x,x,IND_00_060090,Autres prestataires de service,,,
GR4300,Marketing,Frais généraux,Compte fin,,x,x,IND_00_060091,Marketing,,,
GR5100,Amortissements sur actifs immobilisés informatiques,Frais généraux,Compte fin,,x,x,IND_00_060097,Amortissement matériel informatique,,,
GR5110,Amortissements et provisions sur autres actifs immobilisés,Frais généraux,Compte fin,,x,x,IND_00_060121,Autres dépréciations,,,
FDGEST2,Frais de Gestion - Autres,Frais généraux,Agrégat,,,,,,,,Calculé
GFDGHT,Frais de Gestion hors Tutelle,Fonctions/Tutelle,Agrégat,,,,,,,,Calculé
GFB110,Fonctions Groupe - Analytique Carto,Fonctions/Tutelle,Compte fin,,x,x,,,,,⚠️ Logique GFB à clarifier
GFB130,Comptable Carto - Fonctions Groupe,Fonctions/Tutelle,Compte fin,,x,x,,,,,⚠️ Logique GFB à clarifier
GFDGT,Frais de Gestion yc Tutelle,Fonctions/Tutelle,Agrégat,,,,,,,,Calculé
GRBE,Résultat Brut d'Exploitation,Fonctions/Tutelle,Agrégat,,,,,,,,Calculé
GR5000,Provisions clientèle et autres actifs circulants,Résultat,Compte fin,,,x,,,,,
GRE,Résultat d'Exploitation,Résultat,Agrégat,,,,,,,,Calculé
GR5300,Plus et moins-values sur cession d'actifs immobilisés,Résultat,Compte fin,,,x,,,,,
GR5400,Résultat des Sociétés Mise En Equivalence (MEE),Résultat,Compte fin,x,,x,,,,,⚠️ Dans périmètre mais non visible dans P&L - à vérifier
GRNAI,Résultat Net Avant Impôts,Résultat,Agrégat,,,,,,,,Calculé - hors ou yc tutelle à clarifier
GRNAI2,Résultat Net Avant Impôts 2,Résultat,Agrégat,,,,,,,,Calculé - hors ou yc tutelle à clarifier
GR21CS,Charges sociales (calculé GR2100),Frais de personnel,Compte fin,,x,,IND_00_060074,Social Charges,IND_26_060048,Avantages sociaux - pays,Genere par l'etape ChargesSociales. Variante Pays a confirmer.
